PRAGMA foreign_keys=OFF;
BEGIN TRANSACTION;
CREATE TABLE "schema_migrations" ("version" varchar(255) NOT NULL);
INSERT INTO "schema_migrations" VALUES('20130427134313');
INSERT INTO "schema_migrations" VALUES('20130428021122');
INSERT INTO "schema_migrations" VALUES('20130503140228');
INSERT INTO "schema_migrations" VALUES('20130503142133');
INSERT INTO "schema_migrations" VALUES('20130503153053');
INSERT INTO "schema_migrations" VALUES('20130503153355');
INSERT INTO "schema_migrations" VALUES('20130503153515');
INSERT INTO "schema_migrations" VALUES('20130515141118');
INSERT INTO "schema_migrations" VALUES('20130515141835');
INSERT INTO "schema_migrations" VALUES('20130515143444');
INSERT INTO "schema_migrations" VALUES('20130516030107');
INSERT INTO "schema_migrations" VALUES('20130516111559');
INSERT INTO "schema_migrations" VALUES('20130518160355');
INSERT INTO "schema_migrations" VALUES('20130518161556');
INSERT INTO "schema_migrations" VALUES('20130518170513');
INSERT INTO "schema_migrations" VALUES('20130518175643');
CREATE TABLE "sheets" ("id" INTEGER PRIMARY KEY AUTOINCREMENT NOT NULL, "no" varchar(255), "description" varchar(255), "created_at" datetime NOT NULL, "updated_at" datetime NOT NULL);
CREATE TABLE "programs" ("id" INTEGER PRIMARY KEY AUTOINCREMENT NOT NULL, "level" integer, "name" varchar(255), "created_at" datetime NOT NULL, "updated_at" datetime NOT NULL);
INSERT INTO "programs" VALUES(1,1,'Basic Program','2013-05-03 14:13:18.519920','2013-05-03 14:13:18.519920');
INSERT INTO "programs" VALUES(2,2,'1st Class Program','2013-05-03 14:13:40.237634','2013-05-03 14:13:40.237634');
INSERT INTO "programs" VALUES(3,3,'Master Class Program','2013-05-03 14:14:00.891032','2013-05-03 14:14:00.891032');
INSERT INTO "programs" VALUES(4,4,'Chief Class Program','2013-05-03 14:14:20.370822','2013-05-03 14:14:20.370822');
CREATE TABLE "weeks" ("id" INTEGER PRIMARY KEY AUTOINCREMENT NOT NULL, "order" integer, "program_id" integer, "created_at" datetime NOT NULL, "updated_at" datetime NOT NULL);
INSERT INTO "weeks" VALUES(1,1,1,'2013-05-03 15:12:46.652550','2013-05-03 15:13:06.227522');
INSERT INTO "weeks" VALUES(2,2,1,'2013-05-03 15:19:40.559351','2013-05-03 15:19:53.828735');
CREATE TABLE "days" ("id" INTEGER PRIMARY KEY AUTOINCREMENT NOT NULL, "order" integer, "section" varchar(255), "week_id" integer, "created_at" datetime NOT NULL, "updated_at" datetime NOT NULL);
INSERT INTO "days" VALUES(1,1,'Push/Pull',1,'2013-05-03 15:38:15.856902','2013-05-03 15:39:10.039234');
INSERT INTO "days" VALUES(2,2,'Legs/Core',1,'2013-05-03 16:03:24.085486','2013-05-03 16:04:13.505685');
INSERT INTO "days" VALUES(3,3,'Push/Pull',1,'2013-05-15 14:41:20.387281','2013-05-15 14:41:20.387281');
INSERT INTO "days" VALUES(4,4,'Legs/Core',1,'2013-05-15 16:33:05.014410','2013-05-15 16:33:05.014410');
INSERT INTO "days" VALUES(5,1,'PUSH',2,'2013-05-19 04:31:28.133777','2013-05-19 04:31:28.133777');
INSERT INTO "days" VALUES(6,2,'LEGS & GLUTES',2,'2013-05-19 04:33:13.501770','2013-05-19 04:33:13.501770');
INSERT INTO "days" VALUES(7,3,'PULL',2,'2013-05-19 04:33:32.359467','2013-05-19 04:33:32.359467');
INSERT INTO "days" VALUES(8,4,'CORE',2,'2013-05-19 04:33:46.956028','2013-05-19 04:33:46.956028');
CREATE TABLE "exercises" ("id" INTEGER PRIMARY KEY AUTOINCREMENT NOT NULL, "name" varchar(255), "day_id" integer, "created_at" datetime NOT NULL, "updated_at" datetime NOT NULL, "annotation" text, "section" varchar(255), "level" integer, "section_id" integer);
INSERT INTO "exercises" VALUES(1,'标准俯卧撑',1,'2013-05-03 15:40:21.224672','2013-05-19 06:59:17.083216','test','PUSH',30,1);
INSERT INTO "exercises" VALUES(2,'引体向前',1,'2013-05-03 16:26:31.252706','2013-05-18 18:02:45.542339','This text can''t too long','PULL',30,2);
INSERT INTO "exercises" VALUES(3,'坐姿屈臂撑',1,'2013-05-03 16:27:41.173103','2013-05-18 18:03:42.878278',NULL,'PUSH',14,1);
INSERT INTO "exercises" VALUES(4,'反向划船',1,'2013-05-03 16:28:24.587201','2013-05-18 18:04:30.694646',NULL,'PULL',28,2);
INSERT INTO "exercises" VALUES(5,'后弓步',2,'2013-05-03 16:28:52.186500','2013-05-18 18:05:26.154549',NULL,'LEGS & GLUTES',30,4);
INSERT INTO "exercises" VALUES(6,'单腿罗马尼亚硬拉',2,'2013-05-03 16:29:27.585827','2013-05-18 18:05:44.460572',NULL,'LEGS & GLUTES',4,4);
INSERT INTO "exercises" VALUES(7,'深蹲',2,'2013-05-03 16:29:59.736133','2013-05-18 18:06:02.165771',NULL,'LEGS & GLUTES',30,4);
INSERT INTO "exercises" VALUES(8,'游泳',2,'2013-05-03 16:30:57.998334','2013-05-18 18:06:24.051020',NULL,'CORE',4,3);
INSERT INTO "exercises" VALUES(9,'侧弓步',NULL,'2013-05-15 14:36:50.473368','2013-05-18 18:06:42.544650',NULL,'LEGS & GLUTES',28,4);
INSERT INTO "exercises" VALUES(10,'转体卷腹',NULL,'2013-05-15 16:35:20.914138','2013-05-18 18:07:05.496180',NULL,'CORE',2,3);
INSERT INTO "exercises" VALUES(12,'摇椅',NULL,'2013-05-19 04:03:55.046193','2013-05-19 04:03:55.046193','','PUSH',2,1);
INSERT INTO "exercises" VALUES(13,'军体俯卧撑',NULL,'2013-05-19 06:56:03.486887','2013-05-19 06:56:03.486887','','PUSH',28,1);
INSERT INTO "exercises" VALUES(14,'窄距俯卧撑',NULL,'2013-05-19 06:56:47.008918','2013-05-19 06:56:47.008918','','PUSH',28,1);
INSERT INTO "exercises" VALUES(15,'保加利亚劈腿深蹲',NULL,'2013-05-19 06:57:31.214302','2013-05-19 06:57:31.214302','','LEGS & GLUTES',28,4);
INSERT INTO "exercises" VALUES(16,'熊步',NULL,'2013-05-19 06:59:51.395856','2013-05-19 07:01:33.194887','双手撑在脚前约30公分处的地面上，然后开始手脚并用地向前爬。','PUSH',2,1);
INSERT INTO "exercises" VALUES(17,'宽距俯卧撑',NULL,'2013-05-19 07:03:30.568409','2013-05-19 07:03:30.568409','动作要领和标准俯卧撑一样，只不过你双手之间的距离要比肩宽，这样能更多地锻炼到你的胸肌。','PUSH',12,1);
INSERT INTO "exercises" VALUES(18,'沉肩俯卧撑',NULL,'2013-05-19 07:05:17.533811','2013-05-19 07:05:17.533811','这个动作的要领也和标准俯卧撑一样，只不过你每次放低身体时要尽可能地放低一侧肩膀，而另一侧的肩膀则要尽可能地高。','PUSH',12,1);
INSERT INTO "exercises" VALUES(19,'深度俯卧撑',NULL,'2013-05-19 07:06:42.325322','2013-05-19 07:06:42.325322','做俯卧撑时将胸部降得低于你的双手。','PUSH',12,1);
INSERT INTO "exercises" VALUES(20,'错手俯卧撑',NULL,'2013-05-19 07:08:11.037928','2013-05-19 07:08:11.037928','动作要领和标准俯卧撑一样，只不过其中一只手的位置要比标准俯卧撑靠前，而另一只手的位置则要稍稍靠后。','PUSH',14,1);
INSERT INTO "exercises" VALUES(21,'推手起身',NULL,'2013-05-19 07:11:27.560302','2013-05-19 07:11:27.560302','增强爆发力的好办法！站在一个有一定高度的平台前，如书桌、壁炉架或窗台。身体倒向平台，最后用手掌撑住，掌心向下。然后，有控制地放低身体，直到下胸部接触到平台。接着，尽可能快地将自己推起，用的力量要足够把自己推回到直立的位置，在整个过程中身体始终要成一条直线。','PUSH',30,1);
INSERT INTO "exercises" VALUES(22,'反弹俯卧撑',NULL,'2013-05-19 07:14:56.216173','2013-05-19 07:14:56.216173','动作要领和标准俯卧撑一样，只不过将自己推起的力量要足够大，速度要足够快，使得你的双手在手臂伸直达到动作的最高点时离开地面。在落回地面时，不要全无控制地让双手拍在地上，而应该指尖先着地，然后是手掌，之后胳膊弯曲，让身体有控制地落下，到达动作的最低点时再迅速且有力地将自己推起。','PUSH',8,1);
INSERT INTO "exercises" VALUES(23,'篮球俯卧撑',NULL,'2013-05-19 07:15:51.914226','2013-05-19 07:15:51.914226','动作要领和标准俯卧撑一样，只不过有一只手要撑在篮球上。','PUSH',8,1);
INSERT INTO "exercises" VALUES(24,'登山',NULL,'2013-05-19 07:19:50.839956','2013-05-19 07:19:50.839956','从标准俯卧撑的起始姿势开始，颈部、脊椎、尾椎骨和腿成一条直线，肘部伸直，锁定双臂，双手在双肩的正下方。然后，身体其他部位完全保持不动，弯曲左腿，让左膝贴近胸部，左脚着地。“跳”一下，蹬直左腿，使其回到起始位置，与此同时弯曲右腿，右膝贴近胸部。快节奏地做这个练习，持续一定时间或重复一定次数，看起来像是你正在保持着俯卧撑姿势的同时原地奔跑。','PUSH',4,1);
INSERT INTO "exercises" VALUES(25,'直板爬行',NULL,'2013-05-19 07:20:51.753930','2013-05-19 07:20:51.753930','','PUSH',8,1);
INSERT INTO "exercises" VALUES(26,'半俯冲轰炸机',NULL,'2013-05-19 07:21:49.086825','2013-05-19 07:21:49.086825','','PUSH',24,1);
INSERT INTO "exercises" VALUES(27,'俯冲轰炸机',NULL,'2013-05-19 07:22:05.022593','2013-05-19 07:22:05.022593','','PUSH',24,1);
INSERT INTO "exercises" VALUES(28,'反手俯卧撑',NULL,'2013-05-19 07:23:12.117730','2013-05-19 07:23:12.117730','做这个练习之前一定要适度热身。','PUSH',16,1);
INSERT INTO "exercises" VALUES(29,'水平俯卧撑',NULL,'2013-05-19 07:24:20.624047','2013-05-19 07:24:20.624047','传说中的终极俯卧撑！','PUSH',16,1);
INSERT INTO "exercises" VALUES(30,'相扑俯卧撑',NULL,'2013-05-19 07:25:05.238117','2013-05-19 07:25:05.238117','','PUSH',8,1);
INSERT INTO "exercises" VALUES(31,'单臂俯卧撑',NULL,'2013-05-19 07:25:43.176069','2013-05-19 07:25:43.176069','','PUSH',16,1);
INSERT INTO "exercises" VALUES(32,'飞鸟俯卧撑',NULL,'2013-05-19 07:26:12.230885','2013-05-19 07:26:12.230885','','PUSH',16,1);
INSERT INTO "exercises" VALUES(33,'侧卧臂屈伸',NULL,'2013-05-19 07:27:00.856642','2013-05-19 07:27:00.856642','','PUSH',8,1);
INSERT INTO "exercises" VALUES(34,'蟹行',NULL,'2013-05-19 07:28:28.999565','2013-05-19 07:28:28.999565','坐在地板上，屈膝。双手撑在身体两侧的地上，手掌向下，抬高臀部。现在，开始像螃蟹一样前后“踱步”。','PUSH',2,1);
INSERT INTO "exercises" VALUES(35,'桌式挺髋',NULL,'2013-05-19 07:29:32.084085','2013-05-19 07:29:32.084085','','PUSH',4,1);
INSERT INTO "exercises" VALUES(36,'尖刀',NULL,'2013-05-19 07:29:51.569041','2013-05-19 07:31:33.187478','背部着地，双臂放在身体两侧的地面上，支撑身体。向上抬起双腿，直到它们垂直于地面，在这一过程中，双腿要保持笔直。双臂在地面上支撑身体，尽可能高地抬高髋部，双腿始终竖直向上。接着，换换放下髋部。','PUSH',24,1);
INSERT INTO "exercises" VALUES(37,'中式俯卧撑',NULL,'2013-05-19 07:32:13.724376','2013-05-19 07:32:13.724376','','PUSH',28,1);
INSERT INTO "exercises" VALUES(38,'一线俯卧撑',NULL,'2013-05-19 07:32:45.707052','2013-05-19 07:32:45.707052','','PUSH',24,1);
INSERT INTO "exercises" VALUES(39,'俯卧撑抬腿',NULL,'2013-05-19 07:33:07.295982','2013-05-19 07:33:07.295982','','PUSH',8,1);
INSERT INTO "exercises" VALUES(40,'下沉臂屈伸',NULL,'2013-05-19 07:33:33.162585','2013-05-19 07:33:33.162585','','PUSH',24,1);
INSERT INTO "exercises" VALUES(41,'曲臂撑',NULL,'2013-05-19 07:33:58.535544','2013-05-19 07:33:58.535544','','PUSH',28,1);
INSERT INTO "exercises" VALUES(42,'仰卧撑',NULL,'2013-05-19 07:34:25.010295','2013-05-19 07:34:25.010295','','PUSH',28,1);
INSERT INTO "exercises" VALUES(43,'旋臂',NULL,'2013-05-19 07:36:58.259356','2013-05-19 07:36:58.259356','这个动作十分适合在更高强度的动作前后做，用于热身或放松，也适合那些因伤病或年龄的原因而久不健身的人。站立，双臂侧平举，注意让双臂保持笔直。双臂在空中划圆（幅度可大可小），向前10次，再向后10次。','PUSH',2,1);
INSERT INTO "exercises" VALUES(44,'猴子俯卧撑',NULL,'2013-05-19 07:37:42.693194','2013-05-19 07:37:42.693194','','PUSH',8,1);
INSERT INTO "exercises" VALUES(45,'烈焰当头',NULL,'2013-05-19 07:38:07.120913','2013-05-19 07:38:07.120913','','PUSH',24,1);
INSERT INTO "exercises" VALUES(46,'顶上推举',NULL,'2013-05-19 07:40:24.719289','2013-05-19 07:40:24.719289','站立，双脚与肩同宽，把一个重物举到胸前。腹部收紧，背部挺直，双臂上举，将重物举国头顶，直到你的双臂锁定。在动作的最高点尽量高地耸肩，收缩肌肉，保持这个状态1~2秒。','PUSH',30,1);
INSERT INTO "exercises" VALUES(47,'大拇哥',NULL,'2013-05-19 07:42:02.404071','2013-05-19 07:42:02.404071','俯卧，双臂侧平举，双手握拳，大拇指指向正上方。然后，抬起肩膀和头部，双臂伸直，尽最大力气抬高双臂，在动作最高点收缩你肩部的肌肉。','PUSH',12,1);
INSERT INTO "exercises" VALUES(48,'侧平举',NULL,'2013-05-19 07:42:14.647404','2013-05-19 07:42:14.647404','','PUSH',30,1);
INSERT INTO "exercises" VALUES(49,'俯身侧平举',NULL,'2013-05-19 07:42:48.000515','2013-05-19 07:42:48.000515','','PUSH',30,1);
INSERT INTO "exercises" VALUES(50,'前平举',NULL,'2013-05-19 07:43:08.725759','2013-05-19 07:43:08.725759','','PUSH',30,1);
INSERT INTO "exercises" VALUES(51,'耸肩侧平举',NULL,'2013-05-19 07:43:27.699864','2013-05-19 07:43:27.699864','','PUSH',30,1);
INSERT INTO "exercises" VALUES(52,'倒立撑',NULL,'2013-05-19 07:43:57.687086','2013-05-19 07:43:57.687086','前面所有动作的终结者！','PUSH',16,1);
INSERT INTO "exercises" VALUES(53,'引体向上',NULL,'2013-05-19 07:46:21.457858','2013-05-19 07:46:21.457858','',NULL,28,2);
INSERT INTO "exercises" VALUES(54,'毛巾弯举',NULL,'2013-05-19 07:50:30.545638','2013-05-19 07:50:30.545638','',NULL,28,2);
INSERT INTO "exercises" VALUES(55,'檐式弯举',NULL,'2013-05-19 07:51:05.748775','2013-05-19 07:51:05.748775','',NULL,28,2);
INSERT INTO "exercises" VALUES(56,'弯举',NULL,'2013-05-19 07:51:23.016724','2013-05-19 07:51:23.016724','',NULL,30,2);
INSERT INTO "exercises" VALUES(57,'静力弯举',NULL,'2013-05-19 07:53:11.115662','2013-05-19 07:53:11.115662','做这个练习根本不需要借助任何东西。你只需要用一只手抓住另一只手的手腕，使劲向下压，力量大到你的另一只手臂几乎不能像在其他类型的弯举中那样抬起来。',NULL,30,2);
INSERT INTO "exercises" VALUES(58,'腕弯举',NULL,'2013-05-19 07:53:49.817885','2013-05-19 07:53:49.817885','',NULL,30,2);
INSERT INTO "exercises" VALUES(59,'鹰爪',NULL,'2013-05-19 07:56:23.816578','2013-05-19 07:56:23.816578','这个练习很简单，却很有效。你要反复地张开手指，然后再紧紧握拳，要尽可能地快而有力。张开手指时，手指要张开得尽可能地宽，保持半秒，然后以闪电般的速度收回手指，紧握拳头，同样保持半秒，接着再次尽可能快地张开手指，如此不间断地做50~100次就可以了。',NULL,2,2);
INSERT INTO "exercises" VALUES(60,'早上好（直立体前屈）',NULL,'2013-05-19 07:59:19.836212','2013-05-19 07:59:19.836212','站立，双脚与肩同宽，双手放在颈后；然后，俯身向前，只弯曲髋部，背部成反弓形（胸部前挺，臀部翘起），双腿几乎伸直。',NULL,2,4);
INSERT INTO "exercises" VALUES(61,'脏狗（跪姿侧抬腿）',NULL,'2013-05-19 08:01:56.645903','2013-05-19 08:01:56.645903','四肢着地，双手与肩同宽，背部挺直，膝关节弯曲90°。保持膝关节弯曲90°，右腿尽可能高地向体侧抬起，用力收紧你的臀部肌肉。',NULL,2,4);
INSERT INTO "exercises" VALUES(62,'驴踢（跪姿后抬腿）',NULL,'2013-05-19 08:03:45.029226','2013-05-19 08:03:45.029226','四肢着地，双手与肩同宽，背部挺直，膝关节弯曲90°。缓慢地将你的右腿向后踢出，并尽可能高地向上抬起，髋部摆正，保持不动；然后，把腿放下，回到起始姿势，换左腿继续练习。',NULL,2,4);
CREATE TABLE "day_exercise_maps" ("id" INTEGER PRIMARY KEY AUTOINCREMENT NOT NULL, "day_id" integer, "exercise_id" integer, "created_at" datetime NOT NULL, "updated_at" datetime NOT NULL);
INSERT INTO "day_exercise_maps" VALUES(1,1,1,'2013-05-15 14:15:13.817075','2013-05-15 14:15:13.817075');
INSERT INTO "day_exercise_maps" VALUES(2,1,2,'2013-05-15 16:26:47.995924','2013-05-15 16:26:47.995924');
INSERT INTO "day_exercise_maps" VALUES(3,1,3,'2013-05-15 16:28:59.127895','2013-05-15 16:28:59.127895');
INSERT INTO "day_exercise_maps" VALUES(4,1,4,'2013-05-15 16:29:19.615182','2013-05-15 16:29:19.615182');
INSERT INTO "day_exercise_maps" VALUES(5,2,5,'2013-05-15 16:30:08.557961','2013-05-15 16:30:08.557961');
INSERT INTO "day_exercise_maps" VALUES(6,2,6,'2013-05-15 16:30:15.324972','2013-05-15 16:30:15.324972');
INSERT INTO "day_exercise_maps" VALUES(7,2,7,'2013-05-15 16:30:21.045712','2013-05-15 16:30:21.045712');
INSERT INTO "day_exercise_maps" VALUES(8,2,8,'2013-05-15 16:31:05.972816','2013-05-15 16:31:05.972816');
INSERT INTO "day_exercise_maps" VALUES(9,3,1,'2013-05-15 16:31:24.540400','2013-05-15 16:31:24.540400');
INSERT INTO "day_exercise_maps" VALUES(10,3,2,'2013-05-15 16:31:32.956082','2013-05-15 16:31:32.956082');
INSERT INTO "day_exercise_maps" VALUES(11,3,3,'2013-05-15 16:31:38.052078','2013-05-15 16:31:38.052078');
INSERT INTO "day_exercise_maps" VALUES(12,3,4,'2013-05-15 16:31:43.236217','2013-05-15 16:31:43.236217');
INSERT INTO "day_exercise_maps" VALUES(13,4,9,'2013-05-15 16:33:45.267845','2013-05-15 16:33:45.267845');
INSERT INTO "day_exercise_maps" VALUES(14,4,6,'2013-05-15 16:34:05.564267','2013-05-15 16:34:05.564267');
INSERT INTO "day_exercise_maps" VALUES(15,4,7,'2013-05-15 16:34:35.243980','2013-05-15 16:34:35.243980');
INSERT INTO "day_exercise_maps" VALUES(16,4,10,'2013-05-15 16:35:38.168283','2013-05-15 16:35:38.168283');
INSERT INTO "day_exercise_maps" VALUES(18,5,1,'2013-05-19 06:51:40.342380','2013-05-19 06:51:40.342380');
CREATE TABLE "users" ("id" INTEGER PRIMARY KEY AUTOINCREMENT NOT NULL, "email" varchar(255) DEFAULT '' NOT NULL, "encrypted_password" varchar(255) DEFAULT '' NOT NULL, "reset_password_token" varchar(255), "reset_password_sent_at" datetime, "remember_created_at" datetime, "sign_in_count" integer DEFAULT 0, "current_sign_in_at" datetime, "last_sign_in_at" datetime, "current_sign_in_ip" varchar(255), "last_sign_in_ip" varchar(255), "created_at" datetime NOT NULL, "updated_at" datetime NOT NULL);
INSERT INTO "users" VALUES(1,'destinydesigner@qq.com','$2a$10$i87cdX7dAXVlVb9YuTE..u0.wq5eYZUF5/aPaqjqN.cV1D0RzYZDu',NULL,NULL,NULL,1,'2013-05-18 17:14:11.905656','2013-05-18 17:14:11.905656','127.0.0.1','127.0.0.1','2013-05-18 17:14:11.894544','2013-05-18 17:14:11.906820');
DELETE FROM sqlite_sequence;
INSERT INTO "sqlite_sequence" VALUES('programs',4);
INSERT INTO "sqlite_sequence" VALUES('weeks',2);
INSERT INTO "sqlite_sequence" VALUES('days',5);
INSERT INTO "sqlite_sequence" VALUES('exercises',62);
INSERT INTO "sqlite_sequence" VALUES('day_exercise_maps',18);
INSERT INTO "sqlite_sequence" VALUES('users',1);
CREATE UNIQUE INDEX "unique_schema_migrations" ON "schema_migrations" ("version");
CREATE INDEX "index_weeks_on_program_id" ON "weeks" ("program_id");
CREATE INDEX "index_days_on_week_id" ON "days" ("week_id");
CREATE INDEX "index_exercises_on_day_id" ON "exercises" ("day_id");
CREATE UNIQUE INDEX "index_exercises_on_name" ON "exercises" ("name");
CREATE UNIQUE INDEX "index_users_on_email" ON "users" ("email");
CREATE UNIQUE INDEX "index_users_on_reset_password_token" ON "users" ("reset_password_token");
COMMIT;
